{"We": [0.22795419667099515, 0.16007150402210124], "I": [0.6289694250973911, 0.9869180141382953], "Positive Emotion": [0.632865069059143, 0.8183147802063866], "% words >= 5 char": [0.41843869270983675, 0.4544208925366181], "Ques tags per Comment": [0.29500649273993623, 0.39351588526854636], "words per Comment": [36.806752449533704, 53.37182091492647], "Smileys": [0.0, 0.0], "Sentences per Comment": [3.7908157242356273, 6.977817502234501], "@Mentions": [0.13528509030811003, 0.17485983586576745], "You": [0.3379766261362295, 0.4700576907451044], "Negative Emotion": [0.5430291583048046, 0.6565369302023238]}