{"We": [0.27956337174044876, 0.1704233409610984], "I": [1.3071558520315343, 0.7530320366132723], "Positive Emotion": [1.0527592480291086, 0.6839244851258581], "% words >= 5 char": [0.4339763909686704, 0.4452279498212865], "Ques tags per Comment": [0.5360824742268041, 0.3188787185354691], "words per Comment": [62.36628259551243, 43.647196796338676], "Smileys": [0.0, 0.0], "Sentences per Comment": [6.589448150394178, 5.506636155606407], "@Mentions": [1.0, 0.0], "You": [0.8020012128562766, 0.34342105263157896], "Negative Emotion": [0.8802304426925409, 0.5598398169336385]}