{"We": [0.15253360910031025, 0.19869258558403577], "I": [0.7200965184419166, 0.7029072767933942], "Positive Emotion": [0.6552912788693553, 0.6764722747863983], "% words >= 5 char": [0.4242757069964542, 0.42340947604262624], "Ques tags per Comment": [0.31575318855567047, 0.31194449223005905], "words per Comment": [39.85866942433643, 40.33579907104765], "Smileys": [0.0, 0.0], "Sentences per Comment": [4.305411926921751, 4.329892769080796], "@Mentions": [0.09289900034470872, 0.161591834394174], "You": [0.33746983798690106, 0.3955502035667183], "Negative Emotion": [0.5489486384005515, 0.5407420150237973]}